manufacturer_id,manufacturer_full_id,status
Q05000000,Q05000000-30,PENDIENTE_GRABADO
Q05000001,Q05000001-30,PENDIENTE_GRABADO
Q05000002,Q05000002-30,PENDIENTE_GRABADO
Q05000003,Q05000003-30,PENDIENTE_GRABADO
Q05000004,Q05000004-30,PENDIENTE_GRABADO
Q05000005,Q05000005-30,PENDIENTE_GRABADO
Q05000006,Q05000006-30,PENDIENTE_GRABADO
Q05000007,Q05000007-30,PENDIENTE_GRABADO
Q05000008,Q05000008-30,PENDIENTE_GRABADO
Q05000009,Q05000009-30,PENDIENTE_GRABADO
Q05000010,Q05000010-30,PENDIENTE_GRABADO
Q05000011,Q05000011-30,PENDIENTE_GRABADO
Q05000012,Q05000012-30,PENDIENTE_GRABADO
Q05000013,Q05000013-30,PENDIENTE_GRABADO
Q05000014,Q05000014-30,PENDIENTE_GRABADO
Q05000015,Q05000015-30,PENDIENTE_GRABADO
Q05000016,Q05000016-30,PENDIENTE_GRABADO
Q05000017,Q05000017-30,PENDIENTE_GRABADO
Q05000018,Q05000018-30,PENDIENTE_GRABADO
Q05000019,Q05000019-30,PENDIENTE_GRABADO
Q05000020,Q05000020-30,PENDIENTE_GRABADO
Q05000021,Q05000021-30,PENDIENTE_GRABADO
Q05000022,Q05000022-30,PENDIENTE_GRABADO
Q05000023,Q05000023-30,PENDIENTE_GRABADO
Q05000024,Q05000024-30,PENDIENTE_GRABADO
Q05000025,Q05000025-30,PENDIENTE_GRABADO
Q05000026,Q05000026-30,PENDIENTE_GRABADO
Q05000027,Q05000027-30,PENDIENTE_GRABADO
Q05000028,Q05000028-30,PENDIENTE_GRABADO
Q05000029,Q05000029-30,PENDIENTE_GRABADO
Q05000030,Q05000030-30,PENDIENTE_GRABADO
Q05000031,Q05000031-30,PENDIENTE_GRABADO
Q05000032,Q05000032-30,PENDIENTE_GRABADO
Q05000033,Q05000033-30,PENDIENTE_GRABADO
Q05000034,Q05000034-30,PENDIENTE_GRABADO
Q05000035,Q05000035-30,PENDIENTE_GRABADO
Q05000036,Q05000036-30,PENDIENTE_GRABADO
Q05000037,Q05000037-30,PENDIENTE_GRABADO
Q05000038,Q05000038-30,PENDIENTE_GRABADO
Q05000039,Q05000039-30,PENDIENTE_GRABADO
Q05000040,Q05000040-30,PENDIENTE_GRABADO
Q05000041,Q05000041-30,PENDIENTE_GRABADO
Q05000042,Q05000042-30,PENDIENTE_GRABADO
Q05000043,Q05000043-30,PENDIENTE_GRABADO
Q05000044,Q05000044-30,PENDIENTE_GRABADO
Q05000045,Q05000045-30,PENDIENTE_GRABADO
Q05000046,Q05000046-30,PENDIENTE_GRABADO
Q05000047,Q05000047-30,PENDIENTE_GRABADO
Q05000048,Q05000048-30,PENDIENTE_GRABADO
Q05000049,Q05000049-30,PENDIENTE_GRABADO
Q05000050,Q05000050-30,PENDIENTE_GRABADO
Q05000051,Q05000051-30,PENDIENTE_GRABADO
Q05000052,Q05000052-30,PENDIENTE_GRABADO
Q05000053,Q05000053-30,PENDIENTE_GRABADO
Q05000054,Q05000054-30,PENDIENTE_GRABADO
Q05000055,Q05000055-30,PENDIENTE_GRABADO
Q05000056,Q05000056-30,PENDIENTE_GRABADO
Q05000057,Q05000057-30,PENDIENTE_GRABADO
Q05000058,Q05000058-30,PENDIENTE_GRABADO
Q05000059,Q05000059-30,PENDIENTE_GRABADO
Q05000060,Q05000060-30,PENDIENTE_GRABADO
Q05000061,Q05000061-30,PENDIENTE_GRABADO
Q05000062,Q05000062-30,PENDIENTE_GRABADO
Q05000063,Q05000063-30,PENDIENTE_GRABADO
Q05000064,Q05000064-30,PENDIENTE_GRABADO
Q05000065,Q05000065-30,PENDIENTE_GRABADO
Q05000066,Q05000066-30,PENDIENTE_GRABADO
Q05000067,Q05000067-30,PENDIENTE_GRABADO
Q05000068,Q05000068-30,PENDIENTE_GRABADO
Q05000069,Q05000069-30,PENDIENTE_GRABADO
Q05000070,Q05000070-30,PENDIENTE_GRABADO
Q05000071,Q05000071-30,PENDIENTE_GRABADO
Q05000072,Q05000072-30,PENDIENTE_GRABADO
Q05000073,Q05000073-30,PENDIENTE_GRABADO
Q05000074,Q05000074-30,PENDIENTE_GRABADO
Q05000075,Q05000075-30,PENDIENTE_GRABADO
Q05000076,Q05000076-30,PENDIENTE_GRABADO
Q05000077,Q05000077-30,PENDIENTE_GRABADO
Q05000078,Q05000078-30,PENDIENTE_GRABADO
Q05000079,Q05000079-30,PENDIENTE_GRABADO
Q05000080,Q05000080-30,PENDIENTE_GRABADO
Q05000081,Q05000081-30,PENDIENTE_GRABADO
Q05000082,Q05000082-30,PENDIENTE_GRABADO
Q05000083,Q05000083-30,PENDIENTE_GRABADO
Q05000084,Q05000084-30,PENDIENTE_GRABADO
Q05000085,Q05000085-30,PENDIENTE_GRABADO
Q05000086,Q05000086-30,PENDIENTE_GRABADO
Q05000087,Q05000087-30,PENDIENTE_GRABADO
Q05000088,Q05000088-30,PENDIENTE_GRABADO
Q05000089,Q05000089-30,PENDIENTE_GRABADO
Q05000090,Q05000090-30,PENDIENTE_GRABADO
Q05000091,Q05000091-30,PENDIENTE_GRABADO
Q05000092,Q05000092-30,PENDIENTE_GRABADO
Q05000093,Q05000093-30,PENDIENTE_GRABADO
Q05000094,Q05000094-30,PENDIENTE_GRABADO
Q05000095,Q05000095-30,PENDIENTE_GRABADO
Q05000096,Q05000096-30,PENDIENTE_GRABADO
Q05000097,Q05000097-30,PENDIENTE_GRABADO
Q05000098,Q05000098-30,PENDIENTE_GRABADO
Q05000099,Q05000099-30,PENDIENTE_GRABADO
Q05000100,Q05000100-30,PENDIENTE_GRABADO
Q05000101,Q05000101-30,PENDIENTE_GRABADO
Q05000102,Q05000102-30,PENDIENTE_GRABADO
Q05000103,Q05000103-30,PENDIENTE_GRABADO
Q05000104,Q05000104-30,PENDIENTE_GRABADO
Q05000105,Q05000105-30,PENDIENTE_GRABADO
Q05000106,Q05000106-30,PENDIENTE_GRABADO
Q05000107,Q05000107-30,PENDIENTE_GRABADO
Q05000108,Q05000108-30,PENDIENTE_GRABADO
Q05000109,Q05000109-30,PENDIENTE_GRABADO
Q05000110,Q05000110-30,PENDIENTE_GRABADO
Q05000111,Q05000111-30,PENDIENTE_GRABADO
Q05000112,Q05000112-30,PENDIENTE_GRABADO
Q05000113,Q05000113-30,PENDIENTE_GRABADO
Q05000114,Q05000114-30,PENDIENTE_GRABADO
Q05000115,Q05000115-30,PENDIENTE_GRABADO
Q05000116,Q05000116-30,PENDIENTE_GRABADO
Q05000117,Q05000117-30,PENDIENTE_GRABADO
Q05000118,Q05000118-30,PENDIENTE_GRABADO
Q05000119,Q05000119-30,PENDIENTE_GRABADO
Q05000120,Q05000120-30,PENDIENTE_GRABADO
Q05000121,Q05000121-30,PENDIENTE_GRABADO
Q05000122,Q05000122-30,PENDIENTE_GRABADO
Q05000123,Q05000123-30,PENDIENTE_GRABADO
Q05000124,Q05000124-30,PENDIENTE_GRABADO
Q05000125,Q05000125-30,PENDIENTE_GRABADO
Q05000126,Q05000126-30,PENDIENTE_GRABADO
Q05000127,Q05000127-30,PENDIENTE_GRABADO
Q05000128,Q05000128-30,PENDIENTE_GRABADO
Q05000129,Q05000129-30,PENDIENTE_GRABADO
Q05000130,Q05000130-30,PENDIENTE_GRABADO
Q05000131,Q05000131-30,PENDIENTE_GRABADO
Q05000132,Q05000132-30,PENDIENTE_GRABADO
Q05000133,Q05000133-30,PENDIENTE_GRABADO
Q05000134,Q05000134-30,PENDIENTE_GRABADO
Q05000135,Q05000135-30,PENDIENTE_GRABADO
Q05000136,Q05000136-30,PENDIENTE_GRABADO
Q05000137,Q05000137-30,PENDIENTE_GRABADO
Q05000138,Q05000138-30,PENDIENTE_GRABADO
Q05000139,Q05000139-30,PENDIENTE_GRABADO
Q05000140,Q05000140-30,PENDIENTE_GRABADO
Q05000141,Q05000141-30,PENDIENTE_GRABADO
Q05000142,Q05000142-30,PENDIENTE_GRABADO
Q05000143,Q05000143-30,PENDIENTE_GRABADO
Q05000144,Q05000144-30,PENDIENTE_GRABADO
Q05000145,Q05000145-30,PENDIENTE_GRABADO
Q05000146,Q05000146-30,PENDIENTE_GRABADO
Q05000147,Q05000147-30,PENDIENTE_GRABADO
Q05000148,Q05000148-30,PENDIENTE_GRABADO
Q05000149,Q05000149-30,PENDIENTE_GRABADO
Q05000150,Q05000150-30,PENDIENTE_GRABADO
Q05000151,Q05000151-30,PENDIENTE_GRABADO
Q05000152,Q05000152-30,PENDIENTE_GRABADO
Q05000153,Q05000153-30,PENDIENTE_GRABADO
Q05000154,Q05000154-30,PENDIENTE_GRABADO
Q05000155,Q05000155-30,PENDIENTE_GRABADO
Q05000156,Q05000156-30,PENDIENTE_GRABADO
Q05000157,Q05000157-30,PENDIENTE_GRABADO
Q05000158,Q05000158-30,PENDIENTE_GRABADO
Q05000159,Q05000159-30,PENDIENTE_GRABADO
Q05000160,Q05000160-30,PENDIENTE_GRABADO
Q05000161,Q05000161-30,PENDIENTE_GRABADO
Q05000162,Q05000162-30,PENDIENTE_GRABADO
Q05000163,Q05000163-30,PENDIENTE_GRABADO
Q05000164,Q05000164-30,PENDIENTE_GRABADO
Q05000165,Q05000165-30,PENDIENTE_GRABADO
Q05000166,Q05000166-30,PENDIENTE_GRABADO
Q05000167,Q05000167-30,PENDIENTE_GRABADO
Q05000168,Q05000168-30,PENDIENTE_GRABADO
Q05000169,Q05000169-30,PENDIENTE_GRABADO
Q05000170,Q05000170-30,PENDIENTE_GRABADO
Q05000171,Q05000171-30,PENDIENTE_GRABADO
Q05000172,Q05000172-30,PENDIENTE_GRABADO
Q05000173,Q05000173-30,PENDIENTE_GRABADO
Q05000174,Q05000174-30,PENDIENTE_GRABADO
Q05000175,Q05000175-30,PENDIENTE_GRABADO
Q05000176,Q05000176-30,PENDIENTE_GRABADO
Q05000177,Q05000177-30,PENDIENTE_GRABADO
Q05000178,Q05000178-30,PENDIENTE_GRABADO
Q05000179,Q05000179-30,PENDIENTE_GRABADO
Q05000180,Q05000180-30,PENDIENTE_GRABADO
Q05000181,Q05000181-30,PENDIENTE_GRABADO
Q05000182,Q05000182-30,PENDIENTE_GRABADO
Q05000183,Q05000183-30,PENDIENTE_GRABADO
Q05000184,Q05000184-30,PENDIENTE_GRABADO
Q05000185,Q05000185-30,PENDIENTE_GRABADO
Q05000186,Q05000186-30,PENDIENTE_GRABADO
Q05000187,Q05000187-30,PENDIENTE_GRABADO
Q05000188,Q05000188-30,PENDIENTE_GRABADO
Q05000189,Q05000189-30,PENDIENTE_GRABADO
Q05000190,Q05000190-30,PENDIENTE_GRABADO
Q05000191,Q05000191-30,PENDIENTE_GRABADO
Q05000192,Q05000192-30,PENDIENTE_GRABADO
Q05000193,Q05000193-30,PENDIENTE_GRABADO
Q05000194,Q05000194-30,PENDIENTE_GRABADO
Q05000195,Q05000195-30,PENDIENTE_GRABADO
Q05000196,Q05000196-30,PENDIENTE_GRABADO
Q05000197,Q05000197-30,PENDIENTE_GRABADO
Q05000198,Q05000198-30,PENDIENTE_GRABADO
Q05000199,Q05000199-30,PENDIENTE_GRABADO
Q05000200,Q05000200-30,PENDIENTE_GRABADO
Q05000201,Q05000201-30,PENDIENTE_GRABADO
Q05000202,Q05000202-30,PENDIENTE_GRABADO
Q05000203,Q05000203-30,PENDIENTE_GRABADO
Q05000204,Q05000204-30,PENDIENTE_GRABADO
Q05000205,Q05000205-30,PENDIENTE_GRABADO
Q05000206,Q05000206-30,PENDIENTE_GRABADO
Q05000207,Q05000207-30,PENDIENTE_GRABADO
Q05000208,Q05000208-30,PENDIENTE_GRABADO
Q05000209,Q05000209-30,PENDIENTE_GRABADO
Q05000210,Q05000210-30,PENDIENTE_GRABADO
Q05000211,Q05000211-30,PENDIENTE_GRABADO
Q05000212,Q05000212-30,PENDIENTE_GRABADO
Q05000213,Q05000213-30,PENDIENTE_GRABADO
Q05000214,Q05000214-30,PENDIENTE_GRABADO
Q05000215,Q05000215-30,PENDIENTE_GRABADO
Q05000216,Q05000216-30,PENDIENTE_GRABADO
Q05000217,Q05000217-30,PENDIENTE_GRABADO
Q05000218,Q05000218-30,PENDIENTE_GRABADO
Q05000219,Q05000219-30,PENDIENTE_GRABADO
Q05000220,Q05000220-30,PENDIENTE_GRABADO
Q05000221,Q05000221-30,PENDIENTE_GRABADO
Q05000222,Q05000222-30,PENDIENTE_GRABADO
Q05000223,Q05000223-30,PENDIENTE_GRABADO
Q05000224,Q05000224-30,PENDIENTE_GRABADO
Q05000225,Q05000225-30,PENDIENTE_GRABADO
Q05000226,Q05000226-30,PENDIENTE_GRABADO
Q05000227,Q05000227-30,PENDIENTE_GRABADO
Q05000228,Q05000228-30,PENDIENTE_GRABADO
Q05000229,Q05000229-30,PENDIENTE_GRABADO
Q05000230,Q05000230-30,PENDIENTE_GRABADO
Q05000231,Q05000231-30,PENDIENTE_GRABADO
Q05000232,Q05000232-30,PENDIENTE_GRABADO
Q05000233,Q05000233-30,PENDIENTE_GRABADO
Q05000234,Q05000234-30,PENDIENTE_GRABADO
Q05000235,Q05000235-30,PENDIENTE_GRABADO
Q05000236,Q05000236-30,PENDIENTE_GRABADO
Q05000237,Q05000237-30,PENDIENTE_GRABADO
Q05000238,Q05000238-30,PENDIENTE_GRABADO
Q05000239,Q05000239-30,PENDIENTE_GRABADO
Q05000240,Q05000240-30,PENDIENTE_GRABADO
Q05000241,Q05000241-30,PENDIENTE_GRABADO
Q05000242,Q05000242-30,PENDIENTE_GRABADO
Q05000243,Q05000243-30,PENDIENTE_GRABADO
Q05000244,Q05000244-30,PENDIENTE_GRABADO
Q05000245,Q05000245-30,PENDIENTE_GRABADO
Q05000246,Q05000246-30,PENDIENTE_GRABADO
Q05000247,Q05000247-30,PENDIENTE_GRABADO
Q05000248,Q05000248-30,PENDIENTE_GRABADO
Q05000249,Q05000249-30,PENDIENTE_GRABADO
Q05000250,Q05000250-30,PENDIENTE_GRABADO
Q05000251,Q05000251-30,PENDIENTE_GRABADO
Q05000252,Q05000252-30,PENDIENTE_GRABADO
Q05000253,Q05000253-30,PENDIENTE_GRABADO
Q05000254,Q05000254-30,PENDIENTE_GRABADO
Q05000255,Q05000255-30,PENDIENTE_GRABADO
Q05000256,Q05000256-30,PENDIENTE_GRABADO
Q05000257,Q05000257-30,PENDIENTE_GRABADO
Q05000258,Q05000258-30,PENDIENTE_GRABADO
Q05000259,Q05000259-30,PENDIENTE_GRABADO
Q05000260,Q05000260-30,PENDIENTE_GRABADO
Q05000261,Q05000261-30,PENDIENTE_GRABADO
Q05000262,Q05000262-30,PENDIENTE_GRABADO
Q05000263,Q05000263-30,PENDIENTE_GRABADO
Q05000264,Q05000264-30,PENDIENTE_GRABADO
Q05000265,Q05000265-30,PENDIENTE_GRABADO
Q05000266,Q05000266-30,PENDIENTE_GRABADO
Q05000267,Q05000267-30,PENDIENTE_GRABADO
Q05000268,Q05000268-30,PENDIENTE_GRABADO
Q05000269,Q05000269-30,PENDIENTE_GRABADO
Q05000270,Q05000270-30,PENDIENTE_GRABADO
Q05000271,Q05000271-30,PENDIENTE_GRABADO
Q05000272,Q05000272-30,PENDIENTE_GRABADO
Q05000273,Q05000273-30,PENDIENTE_GRABADO
Q05000274,Q05000274-30,PENDIENTE_GRABADO
Q05000275,Q05000275-30,PENDIENTE_GRABADO
Q05000276,Q05000276-30,PENDIENTE_GRABADO
Q05000277,Q05000277-30,PENDIENTE_GRABADO
Q05000278,Q05000278-30,PENDIENTE_GRABADO
Q05000279,Q05000279-30,PENDIENTE_GRABADO
Q05000280,Q05000280-30,PENDIENTE_GRABADO
Q05000281,Q05000281-30,PENDIENTE_GRABADO
Q05000282,Q05000282-30,PENDIENTE_GRABADO
Q05000283,Q05000283-30,PENDIENTE_GRABADO
Q05000284,Q05000284-30,PENDIENTE_GRABADO
Q05000285,Q05000285-30,PENDIENTE_GRABADO
Q05000286,Q05000286-30,PENDIENTE_GRABADO
Q05000287,Q05000287-30,PENDIENTE_GRABADO
Q05000288,Q05000288-30,PENDIENTE_GRABADO
Q05000289,Q05000289-30,PENDIENTE_GRABADO
Q05000290,Q05000290-30,PENDIENTE_GRABADO
Q05000291,Q05000291-30,PENDIENTE_GRABADO
Q05000292,Q05000292-30,PENDIENTE_GRABADO
Q05000293,Q05000293-30,PENDIENTE_GRABADO
Q05000294,Q05000294-30,PENDIENTE_GRABADO
Q05000295,Q05000295-30,PENDIENTE_GRABADO
Q05000296,Q05000296-30,PENDIENTE_GRABADO
Q05000297,Q05000297-30,PENDIENTE_GRABADO
Q05000298,Q05000298-30,PENDIENTE_GRABADO
Q05000299,Q05000299-30,PENDIENTE_GRABADO
Q05000300,Q05000300-30,PENDIENTE_GRABADO
Q05000301,Q05000301-30,PENDIENTE_GRABADO
Q05000302,Q05000302-30,PENDIENTE_GRABADO
Q05000303,Q05000303-30,PENDIENTE_GRABADO
Q05000304,Q05000304-30,PENDIENTE_GRABADO
Q05000305,Q05000305-30,PENDIENTE_GRABADO
Q05000306,Q05000306-30,PENDIENTE_GRABADO
Q05000307,Q05000307-30,PENDIENTE_GRABADO
Q05000308,Q05000308-30,PENDIENTE_GRABADO
Q05000309,Q05000309-30,PENDIENTE_GRABADO
Q05000310,Q05000310-30,PENDIENTE_GRABADO
Q05000311,Q05000311-30,PENDIENTE_GRABADO
Q05000312,Q05000312-30,PENDIENTE_GRABADO
Q05000313,Q05000313-30,PENDIENTE_GRABADO
Q05000314,Q05000314-30,PENDIENTE_GRABADO
Q05000315,Q05000315-30,PENDIENTE_GRABADO
Q05000316,Q05000316-30,PENDIENTE_GRABADO
Q05000317,Q05000317-30,PENDIENTE_GRABADO
Q05000318,Q05000318-30,PENDIENTE_GRABADO
Q05000319,Q05000319-30,PENDIENTE_GRABADO
Q05000320,Q05000320-30,PENDIENTE_GRABADO
Q05000321,Q05000321-30,PENDIENTE_GRABADO
Q05000322,Q05000322-30,PENDIENTE_GRABADO
Q05000323,Q05000323-30,PENDIENTE_GRABADO
Q05000324,Q05000324-30,PENDIENTE_GRABADO
Q05000325,Q05000325-30,PENDIENTE_GRABADO
Q05000326,Q05000326-30,PENDIENTE_GRABADO
Q05000327,Q05000327-30,PENDIENTE_GRABADO
Q05000328,Q05000328-30,PENDIENTE_GRABADO
Q05000329,Q05000329-30,PENDIENTE_GRABADO
Q05000330,Q05000330-30,PENDIENTE_GRABADO
Q05000331,Q05000331-30,PENDIENTE_GRABADO
Q05000332,Q05000332-30,PENDIENTE_GRABADO
Q05000333,Q05000333-30,PENDIENTE_GRABADO
Q05000334,Q05000334-30,PENDIENTE_GRABADO
Q05000335,Q05000335-30,PENDIENTE_GRABADO
Q05000336,Q05000336-30,PENDIENTE_GRABADO
Q05000337,Q05000337-30,PENDIENTE_GRABADO
Q05000338,Q05000338-30,PENDIENTE_GRABADO
Q05000339,Q05000339-30,PENDIENTE_GRABADO
Q05000340,Q05000340-30,PENDIENTE_GRABADO
Q05000341,Q05000341-30,PENDIENTE_GRABADO
Q05000342,Q05000342-30,PENDIENTE_GRABADO
Q05000343,Q05000343-30,PENDIENTE_GRABADO
Q05000344,Q05000344-30,PENDIENTE_GRABADO
Q05000345,Q05000345-30,PENDIENTE_GRABADO
Q05000346,Q05000346-30,PENDIENTE_GRABADO
Q05000347,Q05000347-30,PENDIENTE_GRABADO
Q05000348,Q05000348-30,PENDIENTE_GRABADO
Q05000349,Q05000349-30,PENDIENTE_GRABADO
Q05000350,Q05000350-30,PENDIENTE_GRABADO
Q05000351,Q05000351-30,PENDIENTE_GRABADO
Q05000352,Q05000352-30,PENDIENTE_GRABADO
Q05000353,Q05000353-30,PENDIENTE_GRABADO
Q05000354,Q05000354-30,PENDIENTE_GRABADO
Q05000355,Q05000355-30,PENDIENTE_GRABADO
Q05000356,Q05000356-30,PENDIENTE_GRABADO
Q05000357,Q05000357-30,PENDIENTE_GRABADO
Q05000358,Q05000358-30,PENDIENTE_GRABADO
Q05000359,Q05000359-30,PENDIENTE_GRABADO
Q05000360,Q05000360-30,PENDIENTE_GRABADO
Q05000361,Q05000361-30,PENDIENTE_GRABADO
Q05000362,Q05000362-30,PENDIENTE_GRABADO
Q05000363,Q05000363-30,PENDIENTE_GRABADO
Q05000364,Q05000364-30,PENDIENTE_GRABADO
Q05000365,Q05000365-30,PENDIENTE_GRABADO
Q05000366,Q05000366-30,PENDIENTE_GRABADO
Q05000367,Q05000367-30,PENDIENTE_GRABADO
Q05000368,Q05000368-30,PENDIENTE_GRABADO
Q05000369,Q05000369-30,PENDIENTE_GRABADO
Q05000370,Q05000370-30,PENDIENTE_GRABADO
Q05000371,Q05000371-30,PENDIENTE_GRABADO
Q05000372,Q05000372-30,PENDIENTE_GRABADO
Q05000373,Q05000373-30,PENDIENTE_GRABADO
Q05000374,Q05000374-30,PENDIENTE_GRABADO
Q05000375,Q05000375-30,PENDIENTE_GRABADO
Q05000376,Q05000376-30,PENDIENTE_GRABADO
Q05000377,Q05000377-30,PENDIENTE_GRABADO
Q05000378,Q05000378-30,PENDIENTE_GRABADO
Q05000379,Q05000379-30,PENDIENTE_GRABADO
Q05000380,Q05000380-30,PENDIENTE_GRABADO
Q05000381,Q05000381-30,PENDIENTE_GRABADO
Q05000382,Q05000382-30,PENDIENTE_GRABADO
Q05000383,Q05000383-30,PENDIENTE_GRABADO
Q05000384,Q05000384-30,PENDIENTE_GRABADO
Q05000385,Q05000385-30,PENDIENTE_GRABADO
Q05000386,Q05000386-30,PENDIENTE_GRABADO
Q05000387,Q05000387-30,PENDIENTE_GRABADO
Q05000388,Q05000388-30,PENDIENTE_GRABADO
Q05000389,Q05000389-30,PENDIENTE_GRABADO
Q05000390,Q05000390-30,PENDIENTE_GRABADO
Q05000391,Q05000391-30,PENDIENTE_GRABADO
Q05000392,Q05000392-30,PENDIENTE_GRABADO
Q05000393,Q05000393-30,PENDIENTE_GRABADO
Q05000394,Q05000394-30,PENDIENTE_GRABADO
Q05000395,Q05000395-30,PENDIENTE_GRABADO
Q05000396,Q05000396-30,PENDIENTE_GRABADO
Q05000397,Q05000397-30,PENDIENTE_GRABADO
Q05000398,Q05000398-30,PENDIENTE_GRABADO
Q05000399,Q05000399-30,PENDIENTE_GRABADO
Q05000400,Q05000400-30,PENDIENTE_GRABADO
Q05000401,Q05000401-30,PENDIENTE_GRABADO
Q05000402,Q05000402-30,PENDIENTE_GRABADO
Q05000403,Q05000403-30,PENDIENTE_GRABADO
Q05000404,Q05000404-30,PENDIENTE_GRABADO
Q05000405,Q05000405-30,PENDIENTE_GRABADO
Q05000406,Q05000406-30,PENDIENTE_GRABADO
Q05000407,Q05000407-30,PENDIENTE_GRABADO
Q05000408,Q05000408-30,PENDIENTE_GRABADO
Q05000409,Q05000409-30,PENDIENTE_GRABADO
Q05000410,Q05000410-30,PENDIENTE_GRABADO
Q05000411,Q05000411-30,PENDIENTE_GRABADO
Q05000412,Q05000412-30,PENDIENTE_GRABADO
Q05000413,Q05000413-30,PENDIENTE_GRABADO
Q05000414,Q05000414-30,PENDIENTE_GRABADO
Q05000415,Q05000415-30,PENDIENTE_GRABADO
Q05000416,Q05000416-30,PENDIENTE_GRABADO
Q05000417,Q05000417-30,PENDIENTE_GRABADO
Q05000418,Q05000418-30,PENDIENTE_GRABADO
Q05000419,Q05000419-30,PENDIENTE_GRABADO
Q05000420,Q05000420-30,PENDIENTE_GRABADO
Q05000421,Q05000421-30,PENDIENTE_GRABADO
Q05000422,Q05000422-30,PENDIENTE_GRABADO
Q05000423,Q05000423-30,PENDIENTE_GRABADO
Q05000424,Q05000424-30,PENDIENTE_GRABADO
Q05000425,Q05000425-30,PENDIENTE_GRABADO
Q05000426,Q05000426-30,PENDIENTE_GRABADO
Q05000427,Q05000427-30,PENDIENTE_GRABADO
Q05000428,Q05000428-30,PENDIENTE_GRABADO
Q05000429,Q05000429-30,PENDIENTE_GRABADO
Q05000430,Q05000430-30,PENDIENTE_GRABADO
Q05000431,Q05000431-30,PENDIENTE_GRABADO
Q05000432,Q05000432-30,PENDIENTE_GRABADO
Q05000433,Q05000433-30,PENDIENTE_GRABADO
Q05000434,Q05000434-30,PENDIENTE_GRABADO
Q05000435,Q05000435-30,PENDIENTE_GRABADO
Q05000436,Q05000436-30,PENDIENTE_GRABADO
Q05000437,Q05000437-30,PENDIENTE_GRABADO
Q05000438,Q05000438-30,PENDIENTE_GRABADO
Q05000439,Q05000439-30,PENDIENTE_GRABADO
Q05000440,Q05000440-30,PENDIENTE_GRABADO
Q05000441,Q05000441-30,PENDIENTE_GRABADO
Q05000442,Q05000442-30,PENDIENTE_GRABADO
Q05000443,Q05000443-30,PENDIENTE_GRABADO
Q05000444,Q05000444-30,PENDIENTE_GRABADO
Q05000445,Q05000445-30,PENDIENTE_GRABADO
Q05000446,Q05000446-30,PENDIENTE_GRABADO
Q05000447,Q05000447-30,PENDIENTE_GRABADO
Q05000448,Q05000448-30,PENDIENTE_GRABADO
Q05000449,Q05000449-30,PENDIENTE_GRABADO
Q05000450,Q05000450-30,PENDIENTE_GRABADO
Q05000451,Q05000451-30,PENDIENTE_GRABADO
Q05000452,Q05000452-30,PENDIENTE_GRABADO
Q05000453,Q05000453-30,PENDIENTE_GRABADO
Q05000454,Q05000454-30,PENDIENTE_GRABADO
Q05000455,Q05000455-30,PENDIENTE_GRABADO
Q05000456,Q05000456-30,PENDIENTE_GRABADO
Q05000457,Q05000457-30,PENDIENTE_GRABADO
Q05000458,Q05000458-30,PENDIENTE_GRABADO
Q05000459,Q05000459-30,PENDIENTE_GRABADO
Q05000460,Q05000460-30,PENDIENTE_GRABADO
Q05000461,Q05000461-30,PENDIENTE_GRABADO
Q05000462,Q05000462-30,PENDIENTE_GRABADO
Q05000463,Q05000463-30,PENDIENTE_GRABADO
Q05000464,Q05000464-30,PENDIENTE_GRABADO
Q05000465,Q05000465-30,PENDIENTE_GRABADO
Q05000466,Q05000466-30,PENDIENTE_GRABADO
Q05000467,Q05000467-30,PENDIENTE_GRABADO
Q05000468,Q05000468-30,PENDIENTE_GRABADO
Q05000469,Q05000469-30,PENDIENTE_GRABADO
Q05000470,Q05000470-30,PENDIENTE_GRABADO
Q05000471,Q05000471-30,PENDIENTE_GRABADO
Q05000472,Q05000472-30,PENDIENTE_GRABADO
Q05000473,Q05000473-30,PENDIENTE_GRABADO
Q05000474,Q05000474-30,PENDIENTE_GRABADO
Q05000475,Q05000475-30,PENDIENTE_GRABADO
Q05000476,Q05000476-30,PENDIENTE_GRABADO
Q05000477,Q05000477-30,PENDIENTE_GRABADO
Q05000478,Q05000478-30,PENDIENTE_GRABADO
Q05000479,Q05000479-30,PENDIENTE_GRABADO
Q05000480,Q05000480-30,PENDIENTE_GRABADO
Q05000481,Q05000481-30,PENDIENTE_GRABADO
Q05000482,Q05000482-30,PENDIENTE_GRABADO
Q05000483,Q05000483-30,PENDIENTE_GRABADO
Q05000484,Q05000484-30,PENDIENTE_GRABADO
Q05000485,Q05000485-30,PENDIENTE_GRABADO
Q05000486,Q05000486-30,PENDIENTE_GRABADO
Q05000487,Q05000487-30,PENDIENTE_GRABADO
Q05000488,Q05000488-30,PENDIENTE_GRABADO
Q05000489,Q05000489-30,PENDIENTE_GRABADO
Q05000490,Q05000490-30,PENDIENTE_GRABADO
Q05000491,Q05000491-30,PENDIENTE_GRABADO
Q05000492,Q05000492-30,PENDIENTE_GRABADO
Q05000493,Q05000493-30,PENDIENTE_GRABADO
Q05000494,Q05000494-30,PENDIENTE_GRABADO
Q05000495,Q05000495-30,PENDIENTE_GRABADO
Q05000496,Q05000496-30,PENDIENTE_GRABADO
Q05000497,Q05000497-30,PENDIENTE_GRABADO
Q05000498,Q05000498-30,PENDIENTE_GRABADO
Q05000499,Q05000499-30,PENDIENTE_GRABADO
Q05000500,Q05000500-30,PENDIENTE_GRABADO
Q05000501,Q05000501-30,PENDIENTE_GRABADO
Q05000502,Q05000502-30,PENDIENTE_GRABADO
Q05000503,Q05000503-30,PENDIENTE_GRABADO
Q05000504,Q05000504-30,PENDIENTE_GRABADO
Q05000505,Q05000505-30,PENDIENTE_GRABADO
Q05000506,Q05000506-30,PENDIENTE_GRABADO
Q05000507,Q05000507-30,PENDIENTE_GRABADO
Q05000508,Q05000508-30,PENDIENTE_GRABADO
Q05000509,Q05000509-30,PENDIENTE_GRABADO
Q05000510,Q05000510-30,PENDIENTE_GRABADO
Q05000511,Q05000511-30,PENDIENTE_GRABADO
Q05000512,Q05000512-30,PENDIENTE_GRABADO
Q05000513,Q05000513-30,PENDIENTE_GRABADO
Q05000514,Q05000514-30,PENDIENTE_GRABADO
Q05000515,Q05000515-30,PENDIENTE_GRABADO
Q05000516,Q05000516-30,PENDIENTE_GRABADO
Q05000517,Q05000517-30,PENDIENTE_GRABADO
Q05000518,Q05000518-30,PENDIENTE_GRABADO
Q05000519,Q05000519-30,PENDIENTE_GRABADO
Q05000520,Q05000520-30,PENDIENTE_GRABADO
Q05000521,Q05000521-30,PENDIENTE_GRABADO
Q05000522,Q05000522-30,PENDIENTE_GRABADO
Q05000523,Q05000523-30,PENDIENTE_GRABADO
Q05000524,Q05000524-30,PENDIENTE_GRABADO
Q05000525,Q05000525-30,PENDIENTE_GRABADO
Q05000526,Q05000526-30,PENDIENTE_GRABADO
Q05000527,Q05000527-30,PENDIENTE_GRABADO
Q05000528,Q05000528-30,PENDIENTE_GRABADO
Q05000529,Q05000529-30,PENDIENTE_GRABADO
Q05000530,Q05000530-30,PENDIENTE_GRABADO
Q05000531,Q05000531-30,PENDIENTE_GRABADO
Q05000532,Q05000532-30,PENDIENTE_GRABADO
Q05000533,Q05000533-30,PENDIENTE_GRABADO
Q05000534,Q05000534-30,PENDIENTE_GRABADO
Q05000535,Q05000535-30,PENDIENTE_GRABADO
Q05000536,Q05000536-30,PENDIENTE_GRABADO
Q05000537,Q05000537-30,PENDIENTE_GRABADO
Q05000538,Q05000538-30,PENDIENTE_GRABADO
Q05000539,Q05000539-30,PENDIENTE_GRABADO
Q05000540,Q05000540-30,PENDIENTE_GRABADO
Q05000541,Q05000541-30,PENDIENTE_GRABADO
Q05000542,Q05000542-30,PENDIENTE_GRABADO
Q05000543,Q05000543-30,PENDIENTE_GRABADO
Q05000544,Q05000544-30,PENDIENTE_GRABADO
Q05000545,Q05000545-30,PENDIENTE_GRABADO
Q05000546,Q05000546-30,PENDIENTE_GRABADO
Q05000547,Q05000547-30,PENDIENTE_GRABADO
Q05000548,Q05000548-30,PENDIENTE_GRABADO
Q05000549,Q05000549-30,PENDIENTE_GRABADO
Q05000550,Q05000550-30,PENDIENTE_GRABADO
Q05000551,Q05000551-30,PENDIENTE_GRABADO
Q05000552,Q05000552-30,PENDIENTE_GRABADO
Q05000553,Q05000553-30,PENDIENTE_GRABADO
Q05000554,Q05000554-30,PENDIENTE_GRABADO
Q05000555,Q05000555-30,PENDIENTE_GRABADO
Q05000556,Q05000556-30,PENDIENTE_GRABADO
Q05000557,Q05000557-30,PENDIENTE_GRABADO
Q05000558,Q05000558-30,PENDIENTE_GRABADO
Q05000559,Q05000559-30,PENDIENTE_GRABADO
Q05000560,Q05000560-30,PENDIENTE_GRABADO
Q05000561,Q05000561-30,PENDIENTE_GRABADO
Q05000562,Q05000562-30,PENDIENTE_GRABADO
Q05000563,Q05000563-30,PENDIENTE_GRABADO
Q05000564,Q05000564-30,PENDIENTE_GRABADO
Q05000565,Q05000565-30,PENDIENTE_GRABADO
Q05000566,Q05000566-30,PENDIENTE_GRABADO
Q05000567,Q05000567-30,PENDIENTE_GRABADO
Q05000568,Q05000568-30,PENDIENTE_GRABADO
Q05000569,Q05000569-30,PENDIENTE_GRABADO
Q05000570,Q05000570-30,PENDIENTE_GRABADO
Q05000571,Q05000571-30,PENDIENTE_GRABADO
Q05000572,Q05000572-30,PENDIENTE_GRABADO
Q05000573,Q05000573-30,PENDIENTE_GRABADO
Q05000574,Q05000574-30,PENDIENTE_GRABADO
Q05000575,Q05000575-30,PENDIENTE_GRABADO
Q05000576,Q05000576-30,PENDIENTE_GRABADO
Q05000577,Q05000577-30,PENDIENTE_GRABADO
Q05000578,Q05000578-30,PENDIENTE_GRABADO
Q05000579,Q05000579-30,PENDIENTE_GRABADO
Q05000580,Q05000580-30,PENDIENTE_GRABADO
Q05000581,Q05000581-30,PENDIENTE_GRABADO
Q05000582,Q05000582-30,PENDIENTE_GRABADO
Q05000583,Q05000583-30,PENDIENTE_GRABADO
Q05000584,Q05000584-30,PENDIENTE_GRABADO
Q05000585,Q05000585-30,PENDIENTE_GRABADO
Q05000586,Q05000586-30,PENDIENTE_GRABADO
Q05000587,Q05000587-30,PENDIENTE_GRABADO
Q05000588,Q05000588-30,PENDIENTE_GRABADO
Q05000589,Q05000589-30,PENDIENTE_GRABADO
Q05000590,Q05000590-30,PENDIENTE_GRABADO
Q05000591,Q05000591-30,PENDIENTE_GRABADO
Q05000592,Q05000592-30,PENDIENTE_GRABADO
Q05000593,Q05000593-30,PENDIENTE_GRABADO
Q05000594,Q05000594-30,PENDIENTE_GRABADO
Q05000595,Q05000595-30,PENDIENTE_GRABADO
Q05000596,Q05000596-30,PENDIENTE_GRABADO
Q05000597,Q05000597-30,PENDIENTE_GRABADO
Q05000598,Q05000598-30,PENDIENTE_GRABADO
Q05000599,Q05000599-30,PENDIENTE_GRABADO
Q05000600,Q05000600-30,PENDIENTE_GRABADO
Q05000601,Q05000601-30,PENDIENTE_GRABADO
Q05000602,Q05000602-30,PENDIENTE_GRABADO
Q05000603,Q05000603-30,PENDIENTE_GRABADO
Q05000604,Q05000604-30,PENDIENTE_GRABADO
Q05000605,Q05000605-30,PENDIENTE_GRABADO
Q05000606,Q05000606-30,PENDIENTE_GRABADO
Q05000607,Q05000607-30,PENDIENTE_GRABADO
Q05000608,Q05000608-30,PENDIENTE_GRABADO
Q05000609,Q05000609-30,PENDIENTE_GRABADO
Q05000610,Q05000610-30,PENDIENTE_GRABADO
Q05000611,Q05000611-30,PENDIENTE_GRABADO
Q05000612,Q05000612-30,PENDIENTE_GRABADO
Q05000613,Q05000613-30,PENDIENTE_GRABADO
Q05000614,Q05000614-30,PENDIENTE_GRABADO
Q05000615,Q05000615-30,PENDIENTE_GRABADO
Q05000616,Q05000616-30,PENDIENTE_GRABADO
Q05000617,Q05000617-30,PENDIENTE_GRABADO
Q05000618,Q05000618-30,PENDIENTE_GRABADO
Q05000619,Q05000619-30,PENDIENTE_GRABADO
Q05000620,Q05000620-30,PENDIENTE_GRABADO
Q05000621,Q05000621-30,PENDIENTE_GRABADO
Q05000622,Q05000622-30,PENDIENTE_GRABADO
Q05000623,Q05000623-30,PENDIENTE_GRABADO
Q05000624,Q05000624-30,PENDIENTE_GRABADO
Q05000625,Q05000625-30,PENDIENTE_GRABADO
Q05000626,Q05000626-30,PENDIENTE_GRABADO
Q05000627,Q05000627-30,PENDIENTE_GRABADO
Q05000628,Q05000628-30,PENDIENTE_GRABADO
Q05000629,Q05000629-30,PENDIENTE_GRABADO
Q05000630,Q05000630-30,PENDIENTE_GRABADO
Q05000631,Q05000631-30,PENDIENTE_GRABADO
Q05000632,Q05000632-30,PENDIENTE_GRABADO
Q05000633,Q05000633-30,PENDIENTE_GRABADO
Q05000634,Q05000634-30,PENDIENTE_GRABADO
Q05000635,Q05000635-30,PENDIENTE_GRABADO
Q05000636,Q05000636-30,PENDIENTE_GRABADO
Q05000637,Q05000637-30,PENDIENTE_GRABADO
Q05000638,Q05000638-30,PENDIENTE_GRABADO
Q05000639,Q05000639-30,PENDIENTE_GRABADO
Q05000640,Q05000640-30,PENDIENTE_GRABADO
Q05000641,Q05000641-30,PENDIENTE_GRABADO
Q05000642,Q05000642-30,PENDIENTE_GRABADO
Q05000643,Q05000643-30,PENDIENTE_GRABADO
Q05000644,Q05000644-30,PENDIENTE_GRABADO
Q05000645,Q05000645-30,PENDIENTE_GRABADO
Q05000646,Q05000646-30,PENDIENTE_GRABADO
Q05000647,Q05000647-30,PENDIENTE_GRABADO
Q05000648,Q05000648-30,PENDIENTE_GRABADO
Q05000649,Q05000649-30,PENDIENTE_GRABADO
Q05000650,Q05000650-30,PENDIENTE_GRABADO
Q05000651,Q05000651-30,PENDIENTE_GRABADO
Q05000652,Q05000652-30,PENDIENTE_GRABADO
Q05000653,Q05000653-30,PENDIENTE_GRABADO
Q05000654,Q05000654-30,PENDIENTE_GRABADO
Q05000655,Q05000655-30,PENDIENTE_GRABADO
Q05000656,Q05000656-30,PENDIENTE_GRABADO
Q05000657,Q05000657-30,PENDIENTE_GRABADO
Q05000658,Q05000658-30,PENDIENTE_GRABADO
Q05000659,Q05000659-30,PENDIENTE_GRABADO
Q05000660,Q05000660-30,PENDIENTE_GRABADO
Q05000661,Q05000661-30,PENDIENTE_GRABADO
Q05000662,Q05000662-30,PENDIENTE_GRABADO
Q05000663,Q05000663-30,PENDIENTE_GRABADO
Q05000664,Q05000664-30,PENDIENTE_GRABADO
Q05000665,Q05000665-30,PENDIENTE_GRABADO
Q05000666,Q05000666-30,PENDIENTE_GRABADO
Q05000667,Q05000667-30,PENDIENTE_GRABADO
Q05000668,Q05000668-30,PENDIENTE_GRABADO
Q05000669,Q05000669-30,PENDIENTE_GRABADO
Q05000670,Q05000670-30,PENDIENTE_GRABADO
Q05000671,Q05000671-30,PENDIENTE_GRABADO
Q05000672,Q05000672-30,PENDIENTE_GRABADO
Q05000673,Q05000673-30,PENDIENTE_GRABADO
Q05000674,Q05000674-30,PENDIENTE_GRABADO
Q05000675,Q05000675-30,PENDIENTE_GRABADO
Q05000676,Q05000676-30,PENDIENTE_GRABADO
Q05000677,Q05000677-30,PENDIENTE_GRABADO
Q05000678,Q05000678-30,PENDIENTE_GRABADO
Q05000679,Q05000679-30,PENDIENTE_GRABADO
Q05000680,Q05000680-30,PENDIENTE_GRABADO
Q05000681,Q05000681-30,PENDIENTE_GRABADO
Q05000682,Q05000682-30,PENDIENTE_GRABADO
Q05000683,Q05000683-30,PENDIENTE_GRABADO
Q05000684,Q05000684-30,PENDIENTE_GRABADO
Q05000685,Q05000685-30,PENDIENTE_GRABADO
Q05000686,Q05000686-30,PENDIENTE_GRABADO
Q05000687,Q05000687-30,PENDIENTE_GRABADO
Q05000688,Q05000688-30,PENDIENTE_GRABADO
Q05000689,Q05000689-30,PENDIENTE_GRABADO
Q05000690,Q05000690-30,PENDIENTE_GRABADO
Q05000691,Q05000691-30,PENDIENTE_GRABADO
Q05000692,Q05000692-30,PENDIENTE_GRABADO
Q05000693,Q05000693-30,PENDIENTE_GRABADO
Q05000694,Q05000694-30,PENDIENTE_GRABADO
Q05000695,Q05000695-30,PENDIENTE_GRABADO
Q05000696,Q05000696-30,PENDIENTE_GRABADO
Q05000697,Q05000697-30,PENDIENTE_GRABADO
Q05000698,Q05000698-30,PENDIENTE_GRABADO
Q05000699,Q05000699-30,PENDIENTE_GRABADO
Q05000700,Q05000700-30,PENDIENTE_GRABADO
Q05000701,Q05000701-30,PENDIENTE_GRABADO
Q05000702,Q05000702-30,PENDIENTE_GRABADO
Q05000703,Q05000703-30,PENDIENTE_GRABADO
Q05000704,Q05000704-30,PENDIENTE_GRABADO
Q05000705,Q05000705-30,PENDIENTE_GRABADO
Q05000706,Q05000706-30,PENDIENTE_GRABADO
Q05000707,Q05000707-30,PENDIENTE_GRABADO
Q05000708,Q05000708-30,PENDIENTE_GRABADO
Q05000709,Q05000709-30,PENDIENTE_GRABADO
Q05000710,Q05000710-30,PENDIENTE_GRABADO
Q05000711,Q05000711-30,PENDIENTE_GRABADO
Q05000712,Q05000712-30,PENDIENTE_GRABADO
Q05000713,Q05000713-30,PENDIENTE_GRABADO
Q05000714,Q05000714-30,PENDIENTE_GRABADO
Q05000715,Q05000715-30,PENDIENTE_GRABADO
Q05000716,Q05000716-30,PENDIENTE_GRABADO
Q05000717,Q05000717-30,PENDIENTE_GRABADO
Q05000718,Q05000718-30,PENDIENTE_GRABADO
Q05000719,Q05000719-30,PENDIENTE_GRABADO
Q05000720,Q05000720-30,PENDIENTE_GRABADO
Q05000721,Q05000721-30,PENDIENTE_GRABADO
Q05000722,Q05000722-30,PENDIENTE_GRABADO
Q05000723,Q05000723-30,PENDIENTE_GRABADO
Q05000724,Q05000724-30,PENDIENTE_GRABADO
Q05000725,Q05000725-30,PENDIENTE_GRABADO
Q05000726,Q05000726-30,PENDIENTE_GRABADO
Q05000727,Q05000727-30,PENDIENTE_GRABADO
Q05000728,Q05000728-30,PENDIENTE_GRABADO
Q05000729,Q05000729-30,PENDIENTE_GRABADO
Q05000730,Q05000730-30,PENDIENTE_GRABADO
Q05000731,Q05000731-30,PENDIENTE_GRABADO
Q05000732,Q05000732-30,PENDIENTE_GRABADO
Q05000733,Q05000733-30,PENDIENTE_GRABADO
Q05000734,Q05000734-30,PENDIENTE_GRABADO
Q05000735,Q05000735-30,PENDIENTE_GRABADO
Q05000736,Q05000736-30,PENDIENTE_GRABADO
Q05000737,Q05000737-30,PENDIENTE_GRABADO
Q05000738,Q05000738-30,PENDIENTE_GRABADO
Q05000739,Q05000739-30,PENDIENTE_GRABADO
Q05000740,Q05000740-30,PENDIENTE_GRABADO
Q05000741,Q05000741-30,PENDIENTE_GRABADO
Q05000742,Q05000742-30,PENDIENTE_GRABADO
Q05000743,Q05000743-30,PENDIENTE_GRABADO
Q05000744,Q05000744-30,PENDIENTE_GRABADO
Q05000745,Q05000745-30,PENDIENTE_GRABADO
Q05000746,Q05000746-30,PENDIENTE_GRABADO
Q05000747,Q05000747-30,PENDIENTE_GRABADO
Q05000748,Q05000748-30,PENDIENTE_GRABADO
Q05000749,Q05000749-30,PENDIENTE_GRABADO
Q05000750,Q05000750-30,PENDIENTE_GRABADO
Q05000751,Q05000751-30,PENDIENTE_GRABADO
Q05000752,Q05000752-30,PENDIENTE_GRABADO
Q05000753,Q05000753-30,PENDIENTE_GRABADO
Q05000754,Q05000754-30,PENDIENTE_GRABADO
Q05000755,Q05000755-30,PENDIENTE_GRABADO
Q05000756,Q05000756-30,PENDIENTE_GRABADO
Q05000757,Q05000757-30,PENDIENTE_GRABADO
Q05000758,Q05000758-30,PENDIENTE_GRABADO
Q05000759,Q05000759-30,PENDIENTE_GRABADO
Q05000760,Q05000760-30,PENDIENTE_GRABADO
Q05000761,Q05000761-30,PENDIENTE_GRABADO
Q05000762,Q05000762-30,PENDIENTE_GRABADO
Q05000763,Q05000763-30,PENDIENTE_GRABADO
Q05000764,Q05000764-30,PENDIENTE_GRABADO
Q05000765,Q05000765-30,PENDIENTE_GRABADO
Q05000766,Q05000766-30,PENDIENTE_GRABADO
Q05000767,Q05000767-30,PENDIENTE_GRABADO
Q05000768,Q05000768-30,PENDIENTE_GRABADO
Q05000769,Q05000769-30,PENDIENTE_GRABADO
Q05000770,Q05000770-30,PENDIENTE_GRABADO
Q05000771,Q05000771-30,PENDIENTE_GRABADO
Q05000772,Q05000772-30,PENDIENTE_GRABADO
Q05000773,Q05000773-30,PENDIENTE_GRABADO
Q05000774,Q05000774-30,PENDIENTE_GRABADO
Q05000775,Q05000775-30,PENDIENTE_GRABADO
Q05000776,Q05000776-30,PENDIENTE_GRABADO
Q05000777,Q05000777-30,PENDIENTE_GRABADO
Q05000778,Q05000778-30,PENDIENTE_GRABADO
Q05000779,Q05000779-30,PENDIENTE_GRABADO
Q05000780,Q05000780-30,PENDIENTE_GRABADO
Q05000781,Q05000781-30,PENDIENTE_GRABADO
Q05000782,Q05000782-30,PENDIENTE_GRABADO
Q05000783,Q05000783-30,PENDIENTE_GRABADO
Q05000784,Q05000784-30,PENDIENTE_GRABADO
Q05000785,Q05000785-30,PENDIENTE_GRABADO
Q05000786,Q05000786-30,PENDIENTE_GRABADO
Q05000787,Q05000787-30,PENDIENTE_GRABADO
Q05000788,Q05000788-30,PENDIENTE_GRABADO
Q05000789,Q05000789-30,PENDIENTE_GRABADO
Q05000790,Q05000790-30,PENDIENTE_GRABADO
Q05000791,Q05000791-30,PENDIENTE_GRABADO
Q05000792,Q05000792-30,PENDIENTE_GRABADO
Q05000793,Q05000793-30,PENDIENTE_GRABADO
Q05000794,Q05000794-30,PENDIENTE_GRABADO
Q05000795,Q05000795-30,PENDIENTE_GRABADO
Q05000796,Q05000796-30,PENDIENTE_GRABADO
Q05000797,Q05000797-30,PENDIENTE_GRABADO
Q05000798,Q05000798-30,PENDIENTE_GRABADO
Q05000799,Q05000799-30,PENDIENTE_GRABADO
Q05000800,Q05000800-30,PENDIENTE_GRABADO
Q05000801,Q05000801-30,PENDIENTE_GRABADO
Q05000802,Q05000802-30,PENDIENTE_GRABADO
Q05000803,Q05000803-30,PENDIENTE_GRABADO
Q05000804,Q05000804-30,PENDIENTE_GRABADO
Q05000805,Q05000805-30,PENDIENTE_GRABADO
Q05000806,Q05000806-30,PENDIENTE_GRABADO
Q05000807,Q05000807-30,PENDIENTE_GRABADO
Q05000808,Q05000808-30,PENDIENTE_GRABADO
Q05000809,Q05000809-30,PENDIENTE_GRABADO
Q05000810,Q05000810-30,PENDIENTE_GRABADO
Q05000811,Q05000811-30,PENDIENTE_GRABADO
Q05000812,Q05000812-30,PENDIENTE_GRABADO
Q05000813,Q05000813-30,PENDIENTE_GRABADO
Q05000814,Q05000814-30,PENDIENTE_GRABADO
Q05000815,Q05000815-30,PENDIENTE_GRABADO
Q05000816,Q05000816-30,PENDIENTE_GRABADO
Q05000817,Q05000817-30,PENDIENTE_GRABADO
Q05000818,Q05000818-30,PENDIENTE_GRABADO
Q05000819,Q05000819-30,PENDIENTE_GRABADO
Q05000820,Q05000820-30,PENDIENTE_GRABADO
Q05000821,Q05000821-30,PENDIENTE_GRABADO
Q05000822,Q05000822-30,PENDIENTE_GRABADO
Q05000823,Q05000823-30,PENDIENTE_GRABADO
Q05000824,Q05000824-30,PENDIENTE_GRABADO
Q05000825,Q05000825-30,PENDIENTE_GRABADO
Q05000826,Q05000826-30,PENDIENTE_GRABADO
Q05000827,Q05000827-30,PENDIENTE_GRABADO
Q05000828,Q05000828-30,PENDIENTE_GRABADO
Q05000829,Q05000829-30,PENDIENTE_GRABADO
Q05000830,Q05000830-30,PENDIENTE_GRABADO
Q05000831,Q05000831-30,PENDIENTE_GRABADO
Q05000832,Q05000832-30,PENDIENTE_GRABADO
Q05000833,Q05000833-30,PENDIENTE_GRABADO
Q05000834,Q05000834-30,PENDIENTE_GRABADO
Q05000835,Q05000835-30,PENDIENTE_GRABADO
Q05000836,Q05000836-30,PENDIENTE_GRABADO
Q05000837,Q05000837-30,PENDIENTE_GRABADO
Q05000838,Q05000838-30,PENDIENTE_GRABADO
Q05000839,Q05000839-30,PENDIENTE_GRABADO
Q05000840,Q05000840-30,PENDIENTE_GRABADO
Q05000841,Q05000841-30,PENDIENTE_GRABADO
Q05000842,Q05000842-30,PENDIENTE_GRABADO
Q05000843,Q05000843-30,PENDIENTE_GRABADO
Q05000844,Q05000844-30,PENDIENTE_GRABADO
Q05000845,Q05000845-30,PENDIENTE_GRABADO
Q05000846,Q05000846-30,PENDIENTE_GRABADO
Q05000847,Q05000847-30,PENDIENTE_GRABADO
Q05000848,Q05000848-30,PENDIENTE_GRABADO
Q05000849,Q05000849-30,PENDIENTE_GRABADO
Q05000850,Q05000850-30,PENDIENTE_GRABADO
Q05000851,Q05000851-30,PENDIENTE_GRABADO
Q05000852,Q05000852-30,PENDIENTE_GRABADO
Q05000853,Q05000853-30,PENDIENTE_GRABADO
Q05000854,Q05000854-30,PENDIENTE_GRABADO
Q05000855,Q05000855-30,PENDIENTE_GRABADO
Q05000856,Q05000856-30,PENDIENTE_GRABADO
Q05000857,Q05000857-30,PENDIENTE_GRABADO
Q05000858,Q05000858-30,PENDIENTE_GRABADO
Q05000859,Q05000859-30,PENDIENTE_GRABADO
Q05000860,Q05000860-30,PENDIENTE_GRABADO
Q05000861,Q05000861-30,PENDIENTE_GRABADO
Q05000862,Q05000862-30,PENDIENTE_GRABADO
Q05000863,Q05000863-30,PENDIENTE_GRABADO
Q05000864,Q05000864-30,PENDIENTE_GRABADO
Q05000865,Q05000865-30,PENDIENTE_GRABADO
Q05000866,Q05000866-30,PENDIENTE_GRABADO
Q05000867,Q05000867-30,PENDIENTE_GRABADO
Q05000868,Q05000868-30,PENDIENTE_GRABADO
Q05000869,Q05000869-30,PENDIENTE_GRABADO
Q05000870,Q05000870-30,PENDIENTE_GRABADO
Q05000871,Q05000871-30,PENDIENTE_GRABADO
Q05000872,Q05000872-30,PENDIENTE_GRABADO
Q05000873,Q05000873-30,PENDIENTE_GRABADO
Q05000874,Q05000874-30,PENDIENTE_GRABADO
Q05000875,Q05000875-30,PENDIENTE_GRABADO
Q05000876,Q05000876-30,PENDIENTE_GRABADO
Q05000877,Q05000877-30,PENDIENTE_GRABADO
Q05000878,Q05000878-30,PENDIENTE_GRABADO
Q05000879,Q05000879-30,PENDIENTE_GRABADO
Q05000880,Q05000880-30,PENDIENTE_GRABADO
Q05000881,Q05000881-30,PENDIENTE_GRABADO
Q05000882,Q05000882-30,PENDIENTE_GRABADO
Q05000883,Q05000883-30,PENDIENTE_GRABADO
Q05000884,Q05000884-30,PENDIENTE_GRABADO
Q05000885,Q05000885-30,PENDIENTE_GRABADO
Q05000886,Q05000886-30,PENDIENTE_GRABADO
Q05000887,Q05000887-30,PENDIENTE_GRABADO
Q05000888,Q05000888-30,PENDIENTE_GRABADO
Q05000889,Q05000889-30,PENDIENTE_GRABADO
Q05000890,Q05000890-30,PENDIENTE_GRABADO
Q05000891,Q05000891-30,PENDIENTE_GRABADO
Q05000892,Q05000892-30,PENDIENTE_GRABADO
Q05000893,Q05000893-30,PENDIENTE_GRABADO
Q05000894,Q05000894-30,PENDIENTE_GRABADO
Q05000895,Q05000895-30,PENDIENTE_GRABADO
Q05000896,Q05000896-30,PENDIENTE_GRABADO
Q05000897,Q05000897-30,PENDIENTE_GRABADO
Q05000898,Q05000898-30,PENDIENTE_GRABADO
Q05000899,Q05000899-30,PENDIENTE_GRABADO
Q05000900,Q05000900-30,PENDIENTE_GRABADO
Q05000901,Q05000901-30,PENDIENTE_GRABADO
Q05000902,Q05000902-30,PENDIENTE_GRABADO
Q05000903,Q05000903-30,PENDIENTE_GRABADO
Q05000904,Q05000904-30,PENDIENTE_GRABADO
Q05000905,Q05000905-30,PENDIENTE_GRABADO
Q05000906,Q05000906-30,PENDIENTE_GRABADO
Q05000907,Q05000907-30,PENDIENTE_GRABADO
Q05000908,Q05000908-30,PENDIENTE_GRABADO
Q05000909,Q05000909-30,PENDIENTE_GRABADO
Q05000910,Q05000910-30,PENDIENTE_GRABADO
Q05000911,Q05000911-30,PENDIENTE_GRABADO
Q05000912,Q05000912-30,PENDIENTE_GRABADO
Q05000913,Q05000913-30,PENDIENTE_GRABADO
Q05000914,Q05000914-30,PENDIENTE_GRABADO
Q05000915,Q05000915-30,PENDIENTE_GRABADO
Q05000916,Q05000916-30,PENDIENTE_GRABADO
Q05000917,Q05000917-30,PENDIENTE_GRABADO
Q05000918,Q05000918-30,PENDIENTE_GRABADO
Q05000919,Q05000919-30,PENDIENTE_GRABADO
Q05000920,Q05000920-30,PENDIENTE_GRABADO
Q05000921,Q05000921-30,PENDIENTE_GRABADO
Q05000922,Q05000922-30,PENDIENTE_GRABADO
Q05000923,Q05000923-30,PENDIENTE_GRABADO
Q05000924,Q05000924-30,PENDIENTE_GRABADO
Q05000925,Q05000925-30,PENDIENTE_GRABADO
Q05000926,Q05000926-30,PENDIENTE_GRABADO
Q05000927,Q05000927-30,PENDIENTE_GRABADO
Q05000928,Q05000928-30,PENDIENTE_GRABADO
Q05000929,Q05000929-30,PENDIENTE_GRABADO
Q05000930,Q05000930-30,PENDIENTE_GRABADO
Q05000931,Q05000931-30,PENDIENTE_GRABADO
Q05000932,Q05000932-30,PENDIENTE_GRABADO
Q05000933,Q05000933-30,PENDIENTE_GRABADO
Q05000934,Q05000934-30,PENDIENTE_GRABADO
Q05000935,Q05000935-30,PENDIENTE_GRABADO
Q05000936,Q05000936-30,PENDIENTE_GRABADO
Q05000937,Q05000937-30,PENDIENTE_GRABADO
Q05000938,Q05000938-30,PENDIENTE_GRABADO
Q05000939,Q05000939-30,PENDIENTE_GRABADO
Q05000940,Q05000940-30,PENDIENTE_GRABADO
Q05000941,Q05000941-30,PENDIENTE_GRABADO
Q05000942,Q05000942-30,PENDIENTE_GRABADO
Q05000943,Q05000943-30,PENDIENTE_GRABADO
Q05000944,Q05000944-30,PENDIENTE_GRABADO
Q05000945,Q05000945-30,PENDIENTE_GRABADO
Q05000946,Q05000946-30,PENDIENTE_GRABADO
Q05000947,Q05000947-30,PENDIENTE_GRABADO
Q05000948,Q05000948-30,PENDIENTE_GRABADO
Q05000949,Q05000949-30,PENDIENTE_GRABADO
Q05000950,Q05000950-30,PENDIENTE_GRABADO
Q05000951,Q05000951-30,PENDIENTE_GRABADO
Q05000952,Q05000952-30,PENDIENTE_GRABADO
Q05000953,Q05000953-30,PENDIENTE_GRABADO
Q05000954,Q05000954-30,PENDIENTE_GRABADO
Q05000955,Q05000955-30,PENDIENTE_GRABADO
Q05000956,Q05000956-30,PENDIENTE_GRABADO
Q05000957,Q05000957-30,PENDIENTE_GRABADO
Q05000958,Q05000958-30,PENDIENTE_GRABADO
Q05000959,Q05000959-30,PENDIENTE_GRABADO
Q05000960,Q05000960-30,PENDIENTE_GRABADO
Q05000961,Q05000961-30,PENDIENTE_GRABADO
Q05000962,Q05000962-30,PENDIENTE_GRABADO
Q05000963,Q05000963-30,PENDIENTE_GRABADO
Q05000964,Q05000964-30,PENDIENTE_GRABADO
Q05000965,Q05000965-30,PENDIENTE_GRABADO
Q05000966,Q05000966-30,PENDIENTE_GRABADO
Q05000967,Q05000967-30,PENDIENTE_GRABADO
Q05000968,Q05000968-30,PENDIENTE_GRABADO
Q05000969,Q05000969-30,PENDIENTE_GRABADO
Q05000970,Q05000970-30,PENDIENTE_GRABADO
Q05000971,Q05000971-30,PENDIENTE_GRABADO
Q05000972,Q05000972-30,PENDIENTE_GRABADO
Q05000973,Q05000973-30,PENDIENTE_GRABADO
Q05000974,Q05000974-30,PENDIENTE_GRABADO
Q05000975,Q05000975-30,PENDIENTE_GRABADO
Q05000976,Q05000976-30,PENDIENTE_GRABADO
Q05000977,Q05000977-30,PENDIENTE_GRABADO
Q05000978,Q05000978-30,PENDIENTE_GRABADO
Q05000979,Q05000979-30,PENDIENTE_GRABADO
Q05000980,Q05000980-30,PENDIENTE_GRABADO
Q05000981,Q05000981-30,PENDIENTE_GRABADO
Q05000982,Q05000982-30,PENDIENTE_GRABADO
Q05000983,Q05000983-30,PENDIENTE_GRABADO
Q05000984,Q05000984-30,PENDIENTE_GRABADO
Q05000985,Q05000985-30,PENDIENTE_GRABADO
Q05000986,Q05000986-30,PENDIENTE_GRABADO
Q05000987,Q05000987-30,PENDIENTE_GRABADO
Q05000988,Q05000988-30,PENDIENTE_GRABADO
Q05000989,Q05000989-30,PENDIENTE_GRABADO
Q05000990,Q05000990-30,PENDIENTE_GRABADO
Q05000991,Q05000991-30,PENDIENTE_GRABADO
Q05000992,Q05000992-30,PENDIENTE_GRABADO
Q05000993,Q05000993-30,PENDIENTE_GRABADO
Q05000994,Q05000994-30,PENDIENTE_GRABADO
Q05000995,Q05000995-30,PENDIENTE_GRABADO
Q05000996,Q05000996-30,PENDIENTE_GRABADO
Q05000997,Q05000997-30,PENDIENTE_GRABADO
Q05000998,Q05000998-30,PENDIENTE_GRABADO
Q05000999,Q05000999-30,PENDIENTE_GRABADO
Q05001000,Q05001000-30,PENDIENTE_GRABADO
Q05001001,Q05001001-30,PENDIENTE_GRABADO
Q05001002,Q05001002-30,PENDIENTE_GRABADO
Q05001003,Q05001003-30,PENDIENTE_GRABADO
Q05001004,Q05001004-30,PENDIENTE_GRABADO
Q05001005,Q05001005-30,PENDIENTE_GRABADO
Q05001006,Q05001006-30,PENDIENTE_GRABADO
Q05001007,Q05001007-30,PENDIENTE_GRABADO
Q05001008,Q05001008-30,PENDIENTE_GRABADO
Q05001009,Q05001009-30,PENDIENTE_GRABADO
Q05001010,Q05001010-30,PENDIENTE_GRABADO
Q05001011,Q05001011-30,PENDIENTE_GRABADO
Q05001012,Q05001012-30,PENDIENTE_GRABADO
Q05001013,Q05001013-30,PENDIENTE_GRABADO
Q05001014,Q05001014-30,PENDIENTE_GRABADO
Q05001015,Q05001015-30,PENDIENTE_GRABADO
Q05001016,Q05001016-30,PENDIENTE_GRABADO
Q05001017,Q05001017-30,PENDIENTE_GRABADO
Q05001018,Q05001018-30,PENDIENTE_GRABADO
Q05001019,Q05001019-30,PENDIENTE_GRABADO
Q05001020,Q05001020-30,PENDIENTE_GRABADO
Q05001021,Q05001021-30,PENDIENTE_GRABADO
Q05001022,Q05001022-30,PENDIENTE_GRABADO
Q05001023,Q05001023-30,PENDIENTE_GRABADO
Q05001024,Q05001024-30,PENDIENTE_GRABADO
Q05001025,Q05001025-30,PENDIENTE_GRABADO
Q05001026,Q05001026-30,PENDIENTE_GRABADO
Q05001027,Q05001027-30,PENDIENTE_GRABADO
Q05001028,Q05001028-30,PENDIENTE_GRABADO
Q05001029,Q05001029-30,PENDIENTE_GRABADO
Q05001030,Q05001030-30,PENDIENTE_GRABADO
Q05001031,Q05001031-30,PENDIENTE_GRABADO
Q05001032,Q05001032-30,PENDIENTE_GRABADO
Q05001033,Q05001033-30,PENDIENTE_GRABADO
Q05001034,Q05001034-30,PENDIENTE_GRABADO
Q05001035,Q05001035-30,PENDIENTE_GRABADO
Q05001036,Q05001036-30,PENDIENTE_GRABADO
Q05001037,Q05001037-30,PENDIENTE_GRABADO
Q05001038,Q05001038-30,PENDIENTE_GRABADO
Q05001039,Q05001039-30,PENDIENTE_GRABADO
Q05001040,Q05001040-30,PENDIENTE_GRABADO
Q05001041,Q05001041-30,PENDIENTE_GRABADO
Q05001042,Q05001042-30,PENDIENTE_GRABADO
Q05001043,Q05001043-30,PENDIENTE_GRABADO
Q05001044,Q05001044-30,PENDIENTE_GRABADO
Q05001045,Q05001045-30,PENDIENTE_GRABADO
Q05001046,Q05001046-30,PENDIENTE_GRABADO
Q05001047,Q05001047-30,PENDIENTE_GRABADO
Q05001048,Q05001048-30,PENDIENTE_GRABADO
Q05001049,Q05001049-30,PENDIENTE_GRABADO
Q05001050,Q05001050-30,PENDIENTE_GRABADO
Q05001051,Q05001051-30,PENDIENTE_GRABADO
Q05001052,Q05001052-30,PENDIENTE_GRABADO
Q05001053,Q05001053-30,PENDIENTE_GRABADO
Q05001054,Q05001054-30,PENDIENTE_GRABADO
Q05001055,Q05001055-30,PENDIENTE_GRABADO
Q05001056,Q05001056-30,PENDIENTE_GRABADO
Q05001057,Q05001057-30,PENDIENTE_GRABADO
Q05001058,Q05001058-30,PENDIENTE_GRABADO
Q05001059,Q05001059-30,PENDIENTE_GRABADO
Q05001060,Q05001060-30,PENDIENTE_GRABADO
Q05001061,Q05001061-30,PENDIENTE_GRABADO
Q05001062,Q05001062-30,PENDIENTE_GRABADO
Q05001063,Q05001063-30,PENDIENTE_GRABADO
Q05001064,Q05001064-30,PENDIENTE_GRABADO
Q05001065,Q05001065-30,PENDIENTE_GRABADO
Q05001066,Q05001066-30,PENDIENTE_GRABADO
Q05001067,Q05001067-30,PENDIENTE_GRABADO
Q05001068,Q05001068-30,PENDIENTE_GRABADO
Q05001069,Q05001069-30,PENDIENTE_GRABADO
Q05001070,Q05001070-30,PENDIENTE_GRABADO
Q05001071,Q05001071-30,PENDIENTE_GRABADO
Q05001072,Q05001072-30,PENDIENTE_GRABADO
Q05001073,Q05001073-30,PENDIENTE_GRABADO
Q05001074,Q05001074-30,PENDIENTE_GRABADO
Q05001075,Q05001075-30,PENDIENTE_GRABADO
Q05001076,Q05001076-30,PENDIENTE_GRABADO
Q05001077,Q05001077-30,PENDIENTE_GRABADO
Q05001078,Q05001078-30,PENDIENTE_GRABADO
Q05001079,Q05001079-30,PENDIENTE_GRABADO
Q05001080,Q05001080-30,PENDIENTE_GRABADO
Q05001081,Q05001081-30,PENDIENTE_GRABADO
Q05001082,Q05001082-30,PENDIENTE_GRABADO
Q05001083,Q05001083-30,PENDIENTE_GRABADO
Q05001084,Q05001084-30,PENDIENTE_GRABADO
Q05001085,Q05001085-30,PENDIENTE_GRABADO
Q05001086,Q05001086-30,PENDIENTE_GRABADO
Q05001087,Q05001087-30,PENDIENTE_GRABADO
Q05001088,Q05001088-30,PENDIENTE_GRABADO
Q05001089,Q05001089-30,PENDIENTE_GRABADO
Q05001090,Q05001090-30,PENDIENTE_GRABADO
Q05001091,Q05001091-30,PENDIENTE_GRABADO
Q05001092,Q05001092-30,PENDIENTE_GRABADO
Q05001093,Q05001093-30,PENDIENTE_GRABADO
Q05001094,Q05001094-30,PENDIENTE_GRABADO
Q05001095,Q05001095-30,PENDIENTE_GRABADO
Q05001096,Q05001096-30,PENDIENTE_GRABADO
Q05001097,Q05001097-30,PENDIENTE_GRABADO
Q05001098,Q05001098-30,PENDIENTE_GRABADO
Q05001099,Q05001099-30,PENDIENTE_GRABADO
Q05001100,Q05001100-30,PENDIENTE_GRABADO
Q05001101,Q05001101-30,PENDIENTE_GRABADO
Q05001102,Q05001102-30,PENDIENTE_GRABADO
Q05001103,Q05001103-30,PENDIENTE_GRABADO
Q05001104,Q05001104-30,PENDIENTE_GRABADO
Q05001105,Q05001105-30,PENDIENTE_GRABADO
Q05001106,Q05001106-30,PENDIENTE_GRABADO
Q05001107,Q05001107-30,PENDIENTE_GRABADO
Q05001108,Q05001108-30,PENDIENTE_GRABADO
Q05001109,Q05001109-30,PENDIENTE_GRABADO
Q05001110,Q05001110-30,PENDIENTE_GRABADO
Q05001111,Q05001111-30,PENDIENTE_GRABADO
Q05001112,Q05001112-30,PENDIENTE_GRABADO
Q05001113,Q05001113-30,PENDIENTE_GRABADO
Q05001114,Q05001114-30,PENDIENTE_GRABADO
Q05001115,Q05001115-30,PENDIENTE_GRABADO
Q05001116,Q05001116-30,PENDIENTE_GRABADO
Q05001117,Q05001117-30,PENDIENTE_GRABADO
Q05001118,Q05001118-30,PENDIENTE_GRABADO
Q05001119,Q05001119-30,PENDIENTE_GRABADO
Q05001120,Q05001120-30,PENDIENTE_GRABADO
Q05001121,Q05001121-30,PENDIENTE_GRABADO
Q05001122,Q05001122-30,PENDIENTE_GRABADO
Q05001123,Q05001123-30,PENDIENTE_GRABADO
Q05001124,Q05001124-30,PENDIENTE_GRABADO
Q05001125,Q05001125-30,PENDIENTE_GRABADO
Q05001126,Q05001126-30,PENDIENTE_GRABADO
Q05001127,Q05001127-30,PENDIENTE_GRABADO
Q05001128,Q05001128-30,PENDIENTE_GRABADO
Q05001129,Q05001129-30,PENDIENTE_GRABADO
Q05001130,Q05001130-30,PENDIENTE_GRABADO
Q05001131,Q05001131-30,PENDIENTE_GRABADO
Q05001132,Q05001132-30,PENDIENTE_GRABADO
Q05001133,Q05001133-30,PENDIENTE_GRABADO
Q05001134,Q05001134-30,PENDIENTE_GRABADO
Q05001135,Q05001135-30,PENDIENTE_GRABADO
Q05001136,Q05001136-30,PENDIENTE_GRABADO
Q05001137,Q05001137-30,PENDIENTE_GRABADO
Q05001138,Q05001138-30,PENDIENTE_GRABADO
Q05001139,Q05001139-30,PENDIENTE_GRABADO
Q05001140,Q05001140-30,PENDIENTE_GRABADO
Q05001141,Q05001141-30,PENDIENTE_GRABADO
Q05001142,Q05001142-30,PENDIENTE_GRABADO
Q05001143,Q05001143-30,PENDIENTE_GRABADO
Q05001144,Q05001144-30,PENDIENTE_GRABADO
Q05001145,Q05001145-30,PENDIENTE_GRABADO
Q05001146,Q05001146-30,PENDIENTE_GRABADO
Q05001147,Q05001147-30,PENDIENTE_GRABADO
Q05001148,Q05001148-30,PENDIENTE_GRABADO
Q05001149,Q05001149-30,PENDIENTE_GRABADO
Q05001150,Q05001150-30,PENDIENTE_GRABADO
Q05001151,Q05001151-30,PENDIENTE_GRABADO
Q05001152,Q05001152-30,PENDIENTE_GRABADO
Q05001153,Q05001153-30,PENDIENTE_GRABADO
Q05001154,Q05001154-30,PENDIENTE_GRABADO
Q05001155,Q05001155-30,PENDIENTE_GRABADO
Q05001156,Q05001156-30,PENDIENTE_GRABADO
Q05001157,Q05001157-30,PENDIENTE_GRABADO
Q05001158,Q05001158-30,PENDIENTE_GRABADO
Q05001159,Q05001159-30,PENDIENTE_GRABADO
Q05001160,Q05001160-30,PENDIENTE_GRABADO
Q05001161,Q05001161-30,PENDIENTE_GRABADO
Q05001162,Q05001162-30,PENDIENTE_GRABADO
Q05001163,Q05001163-30,PENDIENTE_GRABADO
Q05001164,Q05001164-30,PENDIENTE_GRABADO
Q05001165,Q05001165-30,PENDIENTE_GRABADO
Q05001166,Q05001166-30,PENDIENTE_GRABADO
Q05001167,Q05001167-30,PENDIENTE_GRABADO
Q05001168,Q05001168-30,PENDIENTE_GRABADO
Q05001169,Q05001169-30,PENDIENTE_GRABADO
Q05001170,Q05001170-30,PENDIENTE_GRABADO
Q05001171,Q05001171-30,PENDIENTE_GRABADO
Q05001172,Q05001172-30,PENDIENTE_GRABADO
Q05001173,Q05001173-30,PENDIENTE_GRABADO
Q05001174,Q05001174-30,PENDIENTE_GRABADO
Q05001175,Q05001175-30,PENDIENTE_GRABADO
Q05001176,Q05001176-30,PENDIENTE_GRABADO
Q05001177,Q05001177-30,PENDIENTE_GRABADO
Q05001178,Q05001178-30,PENDIENTE_GRABADO
Q05001179,Q05001179-30,PENDIENTE_GRABADO
Q05001180,Q05001180-30,PENDIENTE_GRABADO
Q05001181,Q05001181-30,PENDIENTE_GRABADO
Q05001182,Q05001182-30,PENDIENTE_GRABADO
Q05001183,Q05001183-30,PENDIENTE_GRABADO
Q05001184,Q05001184-30,PENDIENTE_GRABADO
Q05001185,Q05001185-30,PENDIENTE_GRABADO
Q05001186,Q05001186-30,PENDIENTE_GRABADO
Q05001187,Q05001187-30,PENDIENTE_GRABADO
Q05001188,Q05001188-30,PENDIENTE_GRABADO
Q05001189,Q05001189-30,PENDIENTE_GRABADO
Q05001190,Q05001190-30,PENDIENTE_GRABADO
Q05001191,Q05001191-30,PENDIENTE_GRABADO
Q05001192,Q05001192-30,PENDIENTE_GRABADO
Q05001193,Q05001193-30,PENDIENTE_GRABADO
Q05001194,Q05001194-30,PENDIENTE_GRABADO
Q05001195,Q05001195-30,PENDIENTE_GRABADO
Q05001196,Q05001196-30,PENDIENTE_GRABADO
Q05001197,Q05001197-30,PENDIENTE_GRABADO
Q05001198,Q05001198-30,PENDIENTE_GRABADO
Q05001199,Q05001199-30,PENDIENTE_GRABADO
